Type,Name,Score,Date,Review,Categories,ImagePath
Game,Alan Wake 2,100,01/2024,PEFEITO,"Survival Horror, Third Person Shooter, ",./images/AW2.png
Game,Alan Wake 2,100,01/2024,PEFEITO,"Survival Horror, Third Person Shooter, ",./images/AW2.png
Game,Alan Wake 2,100,01/2024,PEFEITO,"Survival Horror, Third Person Shooter, ",./images/AW2.png
Game,Alan Wake 2,100,01/2024,PEFEITO,"Survival Horror, Third Person Shooter, ",./images/AW2.png
Game,Alan Wake 2,100,01/2024,PEFEITO,"Survival Horror, Third Person Shooter, ",./images/AW2.png
Game,Alan Wake 2,100,01/2024,PEFEITO,"Survival Horror, Third Person Shooter, ",./images/AW2.png
Game,Alan Wake 2,100,01/2024,PEFEITO,"Survival Horror, Third Person Shooter, ",./images/AW2.png
Game,Alan Wake 2,100,01/2024,PEFEITO,"Survival Horror, Third Person Shooter, ",./images/AW2.png
Game,Alan Wake 2,100,01/2024,PEFEITO,"Survival Horror, Third Person Shooter, ",./images/AW2.png
Game,Alan Wake 2,100,01/2024,PEFEITO,"Survival Horror, Third Person Shooter, ",./images/AW2.png
Game,Alan Wake 2,100,01/2024,PEFEITO,"Survival Horror, Third Person Shooter, ",./images/AW2.png
Game,Alan Wake 2,100,01/2024,PEFEITO,"Survival Horror, Third Person Shooter, ",./images/AW2.png
Game,Alan Wake 2,100,01/2024,PEFEITO,"Survival Horror, Third Person Shooter, ",./images/AW2.png
Game,Alan Wake 2,100,01/2024,PEFEITO,"Survival Horror, Third Person Shooter, ",./images/AW2.png
Game,Alan Wake 2,100,01/2024,PEFEITO,"Survival Horror, Third Person Shooter, ",./images/AW2.png
Game,Alan Wake 2,100,01/2024,PEFEITO,"Survival Horror, Third Person Shooter, ",./images/AW2.png
Game,Alan Wake 2,100,01/2024,PEFEITO,"Survival Horror, Third Person Shooter, ",./images/AW2.png
Game,Alan Wake 2,100,01/2024,PEFEITO,"Survival Horror, Third Person Shooter, ",./images/AW2.png
Game,Alan Wake 2,100,01/2024,PEFEITO,"Survival Horror, Third Person Shooter, ",./images/AW2.png
Game,Alan Wake 2,100,01/2024,PEFEITO,"Survival Horror, Third Person Shooter, ",./images/AW2.png
Game,Alan Wake 2,100,01/2024,PEFEITO,"Survival Horror, Third Person Shooter, ",./images/AW2.png
Game,Alan Wake 2,100,01/2024,PEFEITO,"Survival Horror, Third Person Shooter, ",./images/AW2.png
Game,Alan Wake 2,100,01/2024,PEFEITO,"Survival Horror, Third Person Shooter, ",./images/AW2.png
Game,Alan Wake 2,100,01/2024,PEFEITO,"Survival Horror, Third Person Shooter, ",./images/AW2.png
Game,Alan Wake 2,100,01/2024,PEFEITO,"Survival Horror, Third Person Shooter, ",./images/AW2.png
Game,Alan Wake 2,100,01/2024,PEFEITO,"Survival Horror, Third Person Shooter, ",./images/AW2.png
Game,Alan Wake 2,100,01/2024,PEFEITO,"Survival Horror, Third Person Shooter, ",./images/AW2.png
Game,Alan Wake 2,100,01/2024,PEFEITO,"Survival Horror, Third Person Shooter, ",./images/AW2.png
Game,Alan Wake 2,100,01/2024,PEFEITO,"Survival Horror, Third Person Shooter, ",./images/AW2.png
Game,Alan Wake 2,100,01/2024,PEFEITO,"Survival Horror, Third Person Shooter, ",./images/AW2.png
Game,Alan Wake 2,100,01/2024,PEFEITO,"Survival Horror, Third Person Shooter, ",./images/AW2.png
Game,Alan Wake 2,100,01/2024,PEFEITO,"Survival Horror, Third Person Shooter, ",./images/AW2.png